Date,Open,High,Low,Close,Volume
1/2/2018 16:00:00,6937.65,7006.91,6924.08,7006.9,0
1/3/2018 16:00:00,7017.07,7069.15,7016.7,7065.53,0
1/4/2018 16:00:00,7089.5,7098.05,7072.38,7077.92,0
1/5/2018 16:00:00,7105.74,7137.04,7097.08,7136.56,0
1/8/2018 16:00:00,7135.38,7161.35,7124.09,7157.39,0
1/9/2018 16:00:00,7174.19,7181.14,7148.3,7163.58,0
1/10/2018 16:00:00,7129.66,7154.24,7111.52,7153.57,0
1/11/2018 16:00:00,7168.29,7211.78,7163.23,7211.78,0
1/12/2018 16:00:00,7208.17,7265.26,7205.18,7261.06,0
1/16/2018 16:00:00,7307,7330,7206,7223.69,0
1/17/2018 16:00:00,7257.77,7309.36,7229.32,7298.28,0
1/18/2018 16:00:00,7293.65,7313.89,7276.11,7296.05,0
1/19/2018 16:00:00,7312,7336.38,7297.29,7336.38,0
1/22/2018 16:00:00,7338.04,7408.03,7332.81,7408.03,0
1/23/2018 16:00:00,7424.95,7465.39,7423.18,7460.29,0
1/24/2018 16:00:00,7474.16,7486.32,7376.75,7415.06,0
1/25/2018 16:00:00,7457.95,7458.53,7388.58,7411.16,0
1/26/2018 16:00:00,7448.33,7505.77,7431.22,7505.77,0
1/29/2018 16:00:00,7484.47,7500.61,7455.55,7466.51,0
1/30/2018 16:00:00,7388.89,7433.65,7373.99,7402.48,0
1/31/2018 16:00:00,7443.25,7453.99,7381.13,7411.48,0
2/1/2018 16:00:00,7377.17,7441.09,7362.28,7385.86,0
2/2/2018 16:00:00,7347.59,7364.43,7238.18,7240.95,0
2/5/2018 16:00:00,7163.41,7277.36,6967.53,6967.53,0
2/6/2018 16:00:00,6837.56,7126.55,6824.82,7115.88,0
2/7/2018 16:00:00,7086.2,7170.34,7051.53,7051.98,0
2/8/2018 16:00:00,7067.3,7073.99,6776.77,6777.16,0
2/9/2018 16:00:00,6863.34,6917.01,6630.67,6874.49,0
2/12/2018 16:00:00,6936.68,7023.62,6879.69,6981.96,0
2/13/2018 16:00:00,6942.16,7025.68,6938.17,7013.51,0
2/14/2018 16:00:00,6979.24,7152.05,6977.07,7143.62,0
2/15/2018 16:00:00,7200.75,7256.93,7130.39,7256.43,0
2/16/2018 16:00:00,7236.52,7303.26,7226.38,7239.47,0
2/20/2018 16:00:00,7209.03,7295.95,7206,7234.31,0
2/21/2018 16:00:00,7258.48,7338.64,7218.11,7218.23,0
2/22/2018 16:00:00,7252.47,7280.93,7194.84,7210.09,0
2/23/2018 16:00:00,7261.35,7337.83,7232.5,7337.39,0
2/26/2018 16:00:00,7373.3,7421.85,7360.25,7421.46,0
2/27/2018 16:00:00,7416.17,7438.09,7330.35,7330.35,0
2/28/2018 16:00:00,7371.41,7386.8,7273.01,7273.01,0
3/1/2018 16:00:00,7274.75,7307.85,7117.66,7180.56,0
3/2/2018 16:00:00,7099.54,7267.19,7084.83,7257.87,0
3/5/2018 16:00:00,7222.89,7350.07,7205.31,7330.71,0
3/6/2018 16:00:00,7366.61,7378.03,7319.68,7372.01,0
3/7/2018 16:00:00,7311.74,7403.79,7311.74,7396.65,0
3/8/2018 16:00:00,7422.77,7435.01,7391.5,7427.95,0
3/9/2018 16:00:00,7475.98,7560.81,7469.03,7560.81,0
3/12/2018 16:00:00,7581.04,7609.1,7563.44,7588.33,0
3/13/2018 16:00:00,7627.52,7637.27,7492.98,7511.01,0
3/14/2018 16:00:00,7539.78,7544.89,7473.9,7496.81,0
3/15/2018 16:00:00,7509.24,7525.44,7463.19,7481.74,0
3/16/2018 16:00:00,7504.37,7514.21,7473.68,7481.99,0
3/19/2018 16:00:00,7419.2,7421.23,7285.27,7344.24,0
3/20/2018 16:00:00,7353.25,7380.74,7331.24,7364.3,0
3/21/2018 16:00:00,7347.5,7415.66,7325.35,7345.29,0
3/22/2018 16:00:00,7257.55,7303.19,7164.38,7166.68,0
3/23/2018 16:00:00,7170.68,7194.31,6992.67,6992.67,0
3/26/2018 16:00:00,7125.2,7225.84,7022.34,7220.54,0
3/27/2018 16:00:00,7255.47,7255.54,6963.68,7008.81,0
3/28/2018 16:00:00,6978.3,7036.09,6901.07,6949.23,0
3/29/2018 16:00:00,6984.66,7120.46,6935.78,7063.45,0
4/2/2018 16:00:00,7016.17,7044.71,6805.96,6870.12,0
4/3/2018 16:00:00,6924.35,6963.71,6835.24,6941.28,0
4/4/2018 16:00:00,6815.25,7059.29,6811.77,7042.11,0
4/5/2018 16:00:00,7099.25,7112.38,7036.62,7076.55,0
4/6/2018 16:00:00,6999.57,7066.64,6877.76,6915.11,0
4/9/2018 16:00:00,6971.45,7074.95,6944.96,6950.34,0
4/10/2018 16:00:00,7060.99,7117.98,7014.88,7094.3,0
4/11/2018 16:00:00,7055,7128.54,7055,7069.03,0
4/12/2018 16:00:00,7112.02,7166,7105.09,7140.25,0
4/13/2018 16:00:00,7179.62,7183.62,7078.14,7106.65,0
4/16/2018 16:00:00,7153.87,7178.51,7115.85,7156.29,0
4/17/2018 16:00:00,7215.12,7298.59,7206.55,7281.1,0
4/18/2018 16:00:00,7292.38,7319.58,7259.9,7295.24,0
4/19/2018 16:00:00,7258.62,7277.45,7215.18,7238.06,0
4/20/2018 16:00:00,7220.64,7222.99,7123.49,7146.13,0
4/23/2018 16:00:00,7173.99,7195.72,7094.43,7128.6,0
4/24/2018 16:00:00,7160.77,7171.67,6961.52,7007.35,0
4/25/2018 16:00:00,7009.99,7030.74,6926.98,7003.74,0
4/26/2018 16:00:00,7080.49,7143.94,7055.66,7118.68,0
4/27/2018 16:00:00,7195.52,7197.16,7083.95,7119.8,0
4/30/2018 16:00:00,7133.95,7169.8,7065.41,7066.27,0
5/1/2018 16:00:00,7053.65,7133.27,7036.18,7130.7,0
5/2/2018 16:00:00,7138.45,7169.46,7094.72,7100.9,0
5/3/2018 16:00:00,7065.03,7112.59,6991.14,7088.15,0
5/4/2018 16:00:00,7065.67,7228.26,7057.89,7209.62,0
5/7/2018 16:00:00,7241.82,7291.74,7235.76,7265.21,0
5/8/2018 16:00:00,7255.34,7278.81,7224.7,7266.9,0
5/9/2018 16:00:00,7281.53,7344.8,7259.05,7339.91,0
5/10/2018 16:00:00,7355.9,7414.15,7353.63,7404.98,0
5/11/2018 16:00:00,7393.97,7417.67,7372.26,7402.88,0
5/14/2018 16:00:00,7429.45,7458.42,7401.89,7411.32,0
5/15/2018 16:00:00,7361.3,7363.52,7320.97,7351.63,0
5/16/2018 16:00:00,7356.22,7413.32,7356.16,7398.3,0
5/17/2018 16:00:00,7379.58,7425.39,7350.46,7382.47,0
5/18/2018 16:00:00,7364.34,7381.16,7343.97,7354.34,0
5/21/2018 16:00:00,7406.34,7431.83,7368.21,7394.04,0
5/22/2018 16:00:00,7420.85,7432.53,7370.33,7378.46,0
5/23/2018 16:00:00,7335.03,7426.78,7334.62,7425.96,0
5/24/2018 16:00:00,7421.99,7435.38,7357.5,7424.43,0
5/25/2018 16:00:00,7422.2,7452.85,7415.58,7433.85,0
5/29/2018 16:00:00,7398.51,7435.13,7354.29,7396.59,0
5/30/2018 16:00:00,7428.41,7473.81,7423.67,7462.45,0
5/31/2018 16:00:00,7455.58,7492.42,7431.42,7442.12,0
6/1/2018 16:00:00,7487.66,7557.38,7487.23,7554.33,0
6/4/2018 16:00:00,7570.08,7607.17,7561.2,7606.46,0
6/5/2018 16:00:00,7621.36,7644.48,7602.38,7637.86,0
6/6/2018 16:00:00,7652.81,7691.65,7622.32,7689.24,0
6/7/2018 16:00:00,7697.41,7697.41,7597.66,7635.07,0
6/8/2018 16:00:00,7607.74,7653.58,7595.14,7645.51,0
6/11/2018 16:00:00,7647.24,7677.29,7642.87,7659.93,0
6/12/2018 16:00:00,7673.87,7708.25,7669.53,7703.79,0
6/13/2018 16:00:00,7713.9,7748.96,7686.65,7695.7,0
6/14/2018 16:00:00,7723.53,7768.6,7723.53,7761.04,0
6/15/2018 16:00:00,7725.03,7755.72,7704.34,7746.38,0
6/18/2018 16:00:00,7692.96,7749.36,7676.83,7747.03,0
6/19/2018 16:00:00,7658.47,7727.41,7635.73,7725.59,0
6/20/2018 16:00:00,7764.15,7806.6,7755.48,7781.52,0
6/21/2018 16:00:00,7800.3,7803.45,7699.2,7712.95,0
6/22/2018 16:00:00,7739.69,7739.71,7679.12,7692.82,0
6/25/2018 16:00:00,7631.12,7639.73,7477.73,7532.01,0
6/26/2018 16:00:00,7553.74,7597.49,7527,7561.63,0
6/27/2018 16:00:00,7586.33,7610.67,7444.17,7445.09,0
6/28/2018 16:00:00,7438.11,7526.07,7419.56,7503.68,0
6/29/2018 16:00:00,7544.13,7573.59,7502.95,7510.3,0
7/2/2018 16:00:00,7451.9,7568.1,7443.1,7567.69,0
7/3/2018 13:00:00,7593.63,7594.33,7498.5,7502.67,0
7/5/2018 16:00:00,7550.66,7589.19,7511.43,7586.43,0
7/6/2018 16:00:00,7595.93,7695.81,7588.65,7688.39,0
7/9/2018 16:00:00,7731.75,7757.28,7702.06,7756.2,0
7/10/2018 16:00:00,7770.63,7777.48,7731.98,7759.2,0
7/11/2018 16:00:00,7698.51,7748.17,7696.58,7716.61,0
7/12/2018 16:00:00,7752.71,7825.67,7746.76,7823.92,0
7/13/2018 16:00:00,7827.62,7843.53,7803.34,7825.98,0
7/16/2018 16:00:00,7831.74,7838.82,7791.98,7805.72,0
7/17/2018 16:00:00,7751.98,7867.15,7749.61,7855.12,0
7/18/2018 16:00:00,7859.43,7863.77,7822.83,7854.44,0
7/19/2018 16:00:00,7829.8,7849.85,7811.15,7825.3,0
7/20/2018 16:00:00,7843.08,7860.25,7815.86,7820.2,0
7/23/2018 16:00:00,7806.93,7846.76,7776.55,7841.87,0
7/24/2018 16:00:00,7914.35,7928.79,7814.33,7840.77,0
7/25/2018 16:00:00,7839.09,7933.31,7838.76,7932.24,0
7/26/2018 16:00:00,7848.04,7881.3,7834.08,7852.19,0
7/27/2018 16:00:00,7889.75,7889.75,7698.96,7737.42,0
7/30/2018 16:00:00,7735.27,7740.26,7604.24,7630,0
7/31/2018 16:00:00,7654.59,7709.49,7614.84,7671.79,0
8/1/2018 16:00:00,7701.82,7732.68,7670.71,7707.29,0
8/2/2018 16:00:00,7659.52,7808.85,7659.52,7802.69,0
8/3/2018 16:00:00,7819.23,7824.06,7783.3,7812.02,0
8/6/2018 16:00:00,7809.54,7859.68,7801.88,7859.68,0
8/7/2018 16:00:00,7878.62,7898.2,7868.65,7883.66,0
8/8/2018 16:00:00,7880,7901.69,7864.46,7888.33,0
8/9/2018 16:00:00,7886.52,7923.35,7881.06,7891.78,0
8/10/2018 16:00:00,7834.71,7866.19,7818.37,7839.11,0
8/13/2018 16:00:00,7848,7888.66,7814.27,7819.71,0
8/14/2018 16:00:00,7847.88,7878.23,7815.5,7870.89,0
8/15/2018 16:00:00,7810.02,7832.66,7732.69,7774.12,0
8/16/2018 16:00:00,7826.95,7849.67,7795.74,7806.52,0
8/17/2018 16:00:00,7786.64,7830.78,7752.68,7816.33,0
8/20/2018 16:00:00,7834.37,7837.14,7787.9,7821.01,0
8/21/2018 16:00:00,7840.09,7897.68,7836.79,7859.17,0
8/22/2018 16:00:00,7844.04,7897.63,7840.84,7889.1,0
8/23/2018 16:00:00,7886.47,7926.32,7866.53,7878.46,0
8/24/2018 16:00:00,7907.81,7949.71,7907.11,7945.98,0
8/27/2018 16:00:00,7989.64,8024.94,7976.6,8017.9,0
8/28/2018 16:00:00,8039.01,8046.32,8009.59,8030.04,0
8/29/2018 16:00:00,8044.34,8113.56,8042.1,8109.69,0
8/30/2018 16:00:00,8094.2,8133.3,8069.57,8088.36,0
8/31/2018 16:00:00,8079.31,8119.82,8079.31,8109.54,0
9/4/2018 16:00:00,8087.96,8104.07,8042.14,8091.25,0
9/5/2018 16:00:00,8073.53,8077.84,7962.35,7995.17,0
9/6/2018 16:00:00,7998.27,8001.97,7885.49,7922.73,0
9/7/2018 16:00:00,7878.79,7962.54,7873.93,7902.54,0
9/10/2018 16:00:00,7939.57,7945.03,7890.39,7924.16,0
9/11/2018 16:00:00,7894.87,7986.32,7880.93,7972.47,0
9/12/2018 16:00:00,7958.87,7965.39,7884.05,7954.23,0
9/13/2018 16:00:00,7999.93,8037.51,7989.85,8013.71,0
9/14/2018 16:00:00,8026.16,8040.83,7979.78,8010.04,0
9/17/2018 16:00:00,7992.21,8002.78,7890.07,7895.79,0
9/18/2018 16:00:00,7903.57,7986.1,7901.01,7956.11,0
9/19/2018 16:00:00,7962.55,7976.13,7917.73,7950.04,0
9/20/2018 16:00:00,7993.53,8039.07,7986.41,8028.23,0
9/21/2018 16:00:00,8041.69,8057.26,7979.67,7986.96,0
9/24/2018 16:00:00,7939.38,7997.9,7912.47,7993.25,0
9/25/2018 16:00:00,8001.59,8014.12,7979.29,8007.47,0
9/26/2018 16:00:00,8011.68,8067.03,7982.77,7990.37,0
9/27/2018 16:00:00,8021.22,8071.56,8017.91,8041.97,0
9/28/2018 16:00:00,8024.5,8065.06,8015.87,8046.35,0
10/1/2018 16:00:00,8091.5,8107.38,8019.77,8037.3,0
10/2/2018 16:00:00,8024.48,8054.16,7983.99,7999.55,0
10/3/2018 16:00:00,8034.65,8053.93,8012.03,8025.09,0
10/4/2018 16:00:00,7993.33,7997.17,7833.16,7879.51,0
10/5/2018 16:00:00,7874.76,7902.67,7715.97,7788.45,0
10/8/2018 16:00:00,7747.1,7797.32,7654.84,7735.95,0
10/9/2018 16:00:00,7728.51,7799.75,7718.95,7738.02,0
10/10/2018 16:00:00,7694.08,7701.2,7420.56,7422.05,0
10/11/2018 16:00:00,7388.07,7493.21,7274.04,7329.06,0
10/12/2018 16:00:00,7507.84,7516.69,7368.33,7496.89,0
10/15/2018 16:00:00,7473.33,7500.93,7400.07,7430.74,0
10/16/2018 16:00:00,7501.78,7658.14,7493.44,7645.49,0
10/17/2018 16:00:00,7669.26,7670.5,7563.09,7642.7,0
10/18/2018 16:00:00,7616.47,7616.86,7452.46,7485.14,0
10/19/2018 16:00:00,7530.16,7582.89,7428.3,7449.03,0
10/22/2018 16:00:00,7486.74,7520.54,7424.74,7468.63,0
10/23/2018 16:00:00,7328.55,7472.58,7260.13,7437.54,0
10/24/2018 16:00:00,7423.21,7435.69,7099,7108.4,0
10/25/2018 16:00:00,7197.49,7364.82,7178.54,7318.34,0
10/26/2018 16:00:00,7125.18,7283.32,7057,7167.21,0
10/29/2018 16:00:00,7272.42,7295.62,6922.83,7050.29,0
10/30/2018 16:00:00,7017.87,7166.84,7001.48,7161.65,0
10/31/2018 16:00:00,7276.62,7368.49,7270.63,7305.9,0
11/1/2018 16:00:00,7327.82,7435.88,7286.5,7434.06,0
11/2/2018 16:00:00,7424.02,7466.53,7298.68,7356.99,0
11/5/2018 16:00:00,7344.08,7349.23,7255.88,7328.85,0
11/6/2018 16:00:00,7326.07,7400.64,7320.89,7375.96,0
11/7/2018 16:00:00,7446.09,7572.93,7435.87,7570.75,0
11/8/2018 16:00:00,7544.17,7566.93,7499.71,7530.89,0
11/9/2018 16:00:00,7468.51,7474.34,7349.49,7406.9,0
11/12/2018 16:00:00,7364.05,7371.09,7193.77,7200.87,0
11/13/2018 16:00:00,7230.69,7319.12,7182.86,7200.88,0
11/14/2018 16:00:00,7265.39,7285.57,7101.17,7136.39,0
11/15/2018 16:00:00,7112.83,7274.26,7072.36,7259.03,0
11/16/2018 16:00:00,7193.6,7274.86,7171.7,7247.87,0
11/19/2018 16:00:00,7217.24,7224.12,7011.4,7028.48,0
11/20/2018 16:00:00,6867.43,6994.75,6830.76,6908.82,0
11/21/2018 16:00:00,6985.51,7029.93,6951.62,6972.25,0
11/23/2018 13:00:00,6919.52,6987.89,6919.16,6938.98,0
11/26/2018 16:00:00,7026.5,7083.93,7003.12,7081.85,0
11/27/2018 16:00:00,7041.23,7105.14,7014.36,7082.7,0
11/28/2018 16:00:00,7135.08,7292.71,7090.98,7291.59,0
11/29/2018 16:00:00,7267.37,7319.96,7217.69,7273.08,0
11/30/2018 16:00:00,7279.3,7332.79,7255.68,7330.54,0
12/3/2018 16:00:00,7486.13,7486.51,7392.22,7441.51,0
12/4/2018 16:00:00,7407.95,7421.11,7150.11,7158.43,0
12/6/2018 16:00:00,7017.05,7189.52,6984.34,7188.26,0
12/7/2018 16:00:00,7163.49,7205.37,6945.27,6969.25,0
12/10/2018 16:00:00,6959.63,7047.62,6878.99,7020.52,0
12/11/2018 16:00:00,7121.66,7129.83,6983.01,7031.83,0
12/12/2018 16:00:00,7127,7197.29,7096.56,7098.31,0
12/13/2018 16:00:00,7135.28,7154.64,7034.82,7070.33,0
12/14/2018 16:00:00,6986.37,7027.17,6898.99,6910.67,0
12/17/2018 16:00:00,6886.46,6931.81,6710.01,6753.73,0
12/18/2018 16:00:00,6809.82,6847.27,6733.71,6783.91,0
12/19/2018 16:00:00,6777.59,6868.86,6586.5,6636.83,0
12/20/2018 16:00:00,6607.76,6666.2,6447.91,6528.41,0
12/21/2018 16:00:00,6573.49,6586.68,6304.63,6332.99,0
12/24/2018 13:00:00,6278.49,6355.18,6190.17,6192.92,0
12/26/2018 16:00:00,6257.86,6555.53,6214.34,6554.36,0
12/27/2018 16:00:00,6457.19,6583.01,6336.97,6579.49,0
12/28/2018 16:00:00,6616.79,6684.18,6529.22,6584.52,0
12/31/2018 16:00:00,6649.52,6659.96,6570.06,6635.28,0
1/2/2019 16:00:00,6506.91,6693.71,6506.88,6665.94,0
1/3/2019 16:00:00,6584.77,6600.21,6457.13,6463.5,0
1/4/2019 16:00:00,6567.14,6760.69,6554.24,6738.86,0
1/7/2019 16:00:00,6757.54,6855.6,6741.4,6823.47,0
1/8/2019 16:00:00,6893.44,6909.58,6795.86,6897,0
1/9/2019 16:00:00,6923.06,6985.22,6899.56,6957.08,0
1/10/2019 16:00:00,6908.65,6991.37,6877.08,6986.07,0
1/11/2019 16:00:00,6947.46,6975.65,6933.6,6971.48,0
1/14/2019 16:00:00,6908.03,6936.22,6887.48,6905.92,0
1/15/2019 16:00:00,6931.39,7025.85,6928.12,7023.83,0
1/16/2019 16:00:00,7033.75,7079.63,7028.12,7034.69,0
1/17/2019 16:00:00,7010.13,7113.95,7003.62,7084.46,0
1/18/2019 16:00:00,7134.1,7185.38,7096.62,7157.23,0
1/22/2019 16:00:00,7109.57,7110.16,6979.81,7020.36,0
1/23/2019 16:00:00,7061.65,7084.85,6953.23,7025.77,0
1/24/2019 16:00:00,7042.25,7078.96,7029.95,7073.46,0
1/25/2019 16:00:00,7128.19,7174.56,7111.09,7164.86,0
1/28/2019 16:00:00,7075.01,7086.3,7034.25,7085.69,0
1/29/2019 16:00:00,7087.49,7092.29,7011.47,7028.29,0
1/30/2019 16:00:00,7094.79,7201.31,7065.57,7183.08,0
1/31/2019 16:00:00,7208.17,7303.12,7205.95,7281.74,0
2/1/2019 16:00:00,7256.37,7299.94,7243.41,7263.87,0
2/4/2019 16:00:00,7266.28,7348.23,7261.07,7347.54,0
2/5/2019 16:00:00,7356.34,7408.69,7355.36,7402.08,0
2/6/2019 16:00:00,7400.44,7410.78,7346.72,7375.28,0
2/7/2019 16:00:00,7316.5,7336.74,7235.05,7288.35,0
2/8/2019 16:00:00,7232.3,7299.44,7225.14,7298.2,0
2/11/2019 16:00:00,7327.37,7343.56,7290.03,7307.91,0
2/12/2019 16:00:00,7358.85,7419.43,7349.81,7414.62,0
2/13/2019 16:00:00,7437.46,7461.67,7413.84,7420.38,0
2/14/2019 16:00:00,7390.25,7454.42,7375.71,7426.96,0
2/15/2019 16:00:00,7468.57,7477.28,7440.26,7472.41,0
2/19/2019 16:00:00,7450.75,7507.79,7450.27,7486.77,0
2/20/2019 16:00:00,7490.31,7513.7,7455.25,7489.07,0
2/21/2019 16:00:00,7475.41,7485.75,7430.89,7459.71,0
2/22/2019 16:00:00,7481.63,7527.55,7479.01,7527.55,0
2/25/2019 16:00:00,7585.3,7602.69,7551.61,7554.46,0
2/26/2019 16:00:00,7535.29,7573.22,7524.31,7549.3,0
2/27/2019 16:00:00,7526.42,7562.3,7485.39,7554.51,0
2/28/2019 16:00:00,7533.31,7561.9,7516.48,7532.53,0
3/1/2019 16:00:00,7587.45,7603.04,7540.75,7595.35,0
3/4/2019 16:00:00,7636.62,7643.66,7501.56,7577.57,0
3/5/2019 16:00:00,7582.29,7598.66,7543.54,7576.36,0
3/6/2019 16:00:00,7575.38,7579.02,7499.87,7505.92,0
3/7/2019 16:00:00,7483.79,7489.08,7397.19,7421.46,0
3/8/2019 16:00:00,7334.24,7411.52,7332.92,7408.14,0
3/11/2019 16:00:00,7442.56,7558.23,7442.4,7558.06,0
3/12/2019 16:00:00,7571.85,7611.13,7560.46,7591.03,0
3/13/2019 16:00:00,7621.38,7677.07,7619.46,7643.41,0
3/14/2019 16:00:00,7644.79,7653.1,7627.02,7630.91,0
3/15/2019 16:00:00,7658.41,7714.96,7652.04,7688.53,0
3/18/2019 16:00:00,7696.38,7737.67,7677.74,7714.48,0
3/19/2019 16:00:00,7747.4,7767.89,7699.16,7723.95,0
3/20/2019 16:00:00,7721.95,7779.24,7674.04,7728.97,0
3/21/2019 16:00:00,7705.43,7850.11,7705.43,7838.96,0
3/22/2019 16:00:00,7800.25,7817.83,7642.57,7642.67,0
3/25/2019 16:00:00,7618.98,7662.38,7579.29,7637.54,0
3/26/2019 16:00:00,7700,7738.17,7649.21,7691.52,0
3/27/2019 16:00:00,7702.05,7712.84,7582.09,7643.38,0
3/28/2019 16:00:00,7660.07,7689.16,7619.82,7669.17,0
3/29/2019 16:00:00,7726.71,7733.63,7688.51,7729.32,0
4/1/2019 16:00:00,7800.24,7831.45,7777.1,7828.91,0
4/2/2019 16:00:00,7824.61,7854.92,7811.28,7848.69,0
4/3/2019 16:00:00,7891.18,7938.26,7870.9,7895.55,0
4/4/2019 16:00:00,7894.26,7917.65,7844.96,7891.78,0
4/5/2019 16:00:00,7914.51,7940.45,7909.14,7938.69,0
4/8/2019 16:00:00,7924.89,7955.9,7891.85,7953.88,0
4/9/2019 16:00:00,7924.77,7945.55,7897.61,7909.28,0
4/10/2019 16:00:00,7922.73,7965.33,7916.9,7964.24,0
4/11/2019 16:00:00,7975.2,7975.2,7933.41,7947.36,0
4/12/2019 16:00:00,7984.15,7992.09,7952.61,7984.16,0
4/15/2019 16:00:00,7987.16,7993.33,7933.57,7976.01,0
4/16/2019 16:00:00,8000.57,8017.56,7978.81,8000.23,0
4/17/2019 16:00:00,8044.97,8052.4,7973.38,7996.08,0
4/18/2019 16:00:00,7998.45,8002.31,7950.97,7998.06,0
4/22/2019 16:00:00,7965.98,8017.15,7965.9,8015.27,0
4/23/2019 16:00:00,8026.75,8128.88,8023.81,8120.82,0
4/24/2019 16:00:00,8122.88,8139.55,8101.7,8102.02,0
4/25/2019 16:00:00,8150.85,8151.85,8075.41,8118.68,0
4/26/2019 16:00:00,8100.28,8146.42,8060.89,8146.4,0
4/29/2019 16:00:00,8147.65,8176.08,8136.41,8161.85,0
4/30/2019 16:00:00,8104.91,8124.61,8050.55,8095.39,0
5/1/2019 16:00:00,8132.93,8146,8048.23,8049.64,0
5/2/2019 16:00:00,8046.48,8094.06,7976.77,8036.77,0
5/3/2019 16:00:00,8092.88,8164.71,8084.8,8164,0
5/6/2019 16:00:00,7981.85,8135.54,7981.85,8123.29,0
5/7/2019 16:00:00,8043.52,8070.97,7899.02,7963.76,0
5/8/2019 16:00:00,7946.24,8004.49,7923.35,7943.32,0
5/9/2019 16:00:00,7853.21,7929.78,7796.16,7910.59,0
5/10/2019 16:00:00,7881.31,7949.34,7759.34,7916.94,0
5/13/2019 16:00:00,7724.17,7760.83,7627.23,7647.02,0
5/14/2019 16:00:00,7689.66,7776.2,7665.3,7734.49,0
5/15/2019 16:00:00,7682.8,7838.72,7682.24,7822.15,0
5/16/2019 16:00:00,7832.58,7946.23,7826.67,7898.05,0
5/17/2019 16:00:00,7829.03,7918.71,7810.35,7816.29,0
5/20/2019 16:00:00,7714.06,7747.27,7678.35,7702.38,0
5/21/2019 16:00:00,7765.57,7804.44,7752.92,7785.72,0
5/22/2019 16:00:00,7749.81,7786.33,7738.35,7750.84,0
5/23/2019 16:00:00,7660.18,7665.15,7585.32,7628.28,0
5/24/2019 16:00:00,7675.62,7694.15,7631.25,7637.01,0
5/28/2019 16:00:00,7655.66,7693.74,7603.76,7607.35,0
5/29/2019 16:00:00,7553.02,7581.11,7503.94,7547.31,0
5/30/2019 16:00:00,7565.46,7595.9,7527.66,7567.72,0
5/31/2019 16:00:00,7470.95,7506.86,7448.23,7453.15,0
6/3/2019 16:00:00,7441.22,7457.66,7292.22,7333.02,0
6/4/2019 16:00:00,7413.94,7529.5,7385.02,7527.12,0
6/5/2019 16:00:00,7585.68,7589.47,7498.17,7575.48,0
6/6/2019 16:00:00,7582.24,7634.12,7546.22,7615.55,0
6/7/2019 16:00:00,7652.97,7767.02,7647.91,7742.1,0
6/10/2019 16:00:00,7798.87,7895.44,7795.76,7823.17,0
6/11/2019 16:00:00,7901.04,7909.99,7798.63,7822.57,0
6/12/2019 16:00:00,7803.13,7819.16,7773.97,7792.72,0
6/13/2019 16:00:00,7822.56,7848.36,7813.6,7837.13,0
6/14/2019 16:00:00,7807.19,7819.21,7778.13,7796.66,0
6/17/2019 16:00:00,7819.43,7865.98,7812.61,7845.02,0
6/18/2019 16:00:00,7920.98,8005.21,7911.67,7953.88,0
6/19/2019 16:00:00,7970.26,7998.59,7930.38,7987.32,0
6/20/2019 16:00:00,8087.45,8088.88,7996.87,8051.34,0
6/21/2019 16:00:00,8028.69,8073.02,8011.2,8031.71,0
6/24/2019 16:00:00,8040.58,8047.56,8004.63,8005.7,0
6/25/2019 16:00:00,8005.27,8007.31,7879.16,7884.72,0
6/26/2019 16:00:00,7933.93,7974.28,7903.07,7909.97,0
6/27/2019 16:00:00,7939.36,7976.58,7935.47,7967.76,0
6/28/2019 16:00:00,7988.76,8010.15,7961.46,8006.24,0
7/1/2019 16:00:00,8145.85,8150.45,8059.29,8091.16,0
7/2/2019 16:00:00,8086.65,8109.37,8063.11,8109.09,0
7/3/2019 13:00:00,8129.57,8170.23,8122.34,8170.23,0
7/5/2019 16:00:00,8123.28,8171.97,8093.66,8161.79,0
7/8/2019 16:00:00,8112.91,8112.91,8078.39,8098.38,0
7/9/2019 16:00:00,8061.41,8146.98,8061.32,8141.73,0
7/10/2019 16:00:00,8183.2,8228.6,8160.56,8202.53,0
7/11/2019 16:00:00,8219.28,8226.19,8171.63,8196.04,0
7/12/2019 16:00:00,8209.2,8245.66,8201.52,8244.14,0
7/15/2019 16:00:00,8263.18,8264.78,8236.27,8258.19,0
7/16/2019 16:00:00,8251.66,8259.75,8204.23,8222.8,0
7/17/2019 16:00:00,8224,8230.67,8184.66,8185.21,0
7/18/2019 16:00:00,8151.76,8215.58,8135.12,8207.24,0
7/19/2019 16:00:00,8241.34,8245.78,8144.63,8146.49,0
7/22/2019 16:00:00,8171.99,8218.42,8171.54,8204.14,0
7/23/2019 16:00:00,8242.5,8251.83,8193.89,8251.4,0
7/24/2019 16:00:00,8227.36,8321.81,8226.5,8321.5,0
7/25/2019 16:00:00,8294.68,8295.95,8233.4,8238.54,0
7/26/2019 16:00:00,8294.3,8339.64,8291.12,8330.21,0
7/29/2019 16:00:00,8325.1,8325.28,8247.37,8293.33,0
7/30/2019 16:00:00,8231.77,8295.46,8228.02,8273.61,0
7/31/2019 16:00:00,8290.8,8299.83,8110.02,8175.42,0
8/1/2019 16:00:00,8190.56,8311.04,8080.52,8111.12,0
8/2/2019 16:00:00,8056.42,8068.8,7953.67,8004.07,0
8/5/2019 16:00:00,7823.33,7836.45,7662.9,7726.04,0
8/6/2019 16:00:00,7804.51,7845.01,7739.58,7833.27,0
8/7/2019 16:00:00,7747.27,7881.38,7702.42,7862.83,0
8/8/2019 16:00:00,7921.59,8041.12,7896.15,8039.16,0
8/9/2019 16:00:00,7997.19,8020.56,7910.35,7959.14,0
8/12/2019 16:00:00,7907.49,7924.99,7833.79,7863.41,0
8/13/2019 16:00:00,7852.37,8065.24,7851.58,8016.36,0
8/14/2019 16:00:00,7877.33,7900.28,7762.87,7773.94,0
8/15/2019 16:00:00,7790.2,7805.93,7716.55,7766.62,0
8/16/2019 16:00:00,7828.35,7907.52,7828.35,7895.99,0
8/19/2019 16:00:00,8006.18,8026.75,7974.36,8002.81,0
8/20/2019 16:00:00,7989.36,8010.58,7948.09,7948.56,0
8/21/2019 16:00:00,8017.07,8036.94,7998.5,8020.21,0
8/22/2019 16:00:00,8038.79,8048.58,7937.13,7991.39,0
8/23/2019 16:00:00,7943.65,8005.34,7730.77,7751.77,0
8/26/2019 16:00:00,7829.58,7856.04,7789.05,7853.74,0
8/27/2019 16:00:00,7908.78,7916.83,7795.18,7826.95,0
8/28/2019 16:00:00,7798.35,7866.87,7766.67,7856.88,0
8/29/2019 16:00:00,7945.78,7992.29,7925.83,7973.39,0
8/30/2019 16:00:00,8015.35,8017.91,7914.74,7962.88,0
9/3/2019 16:00:00,7906.44,7940.37,7847.32,7874.16,0
9/4/2019 16:00:00,7949.81,7981.41,7928.94,7976.88,0
9/5/2019 16:00:00,8061.29,8134.42,8061.29,8116.83,0
9/6/2019 16:00:00,8125.58,8134.39,8098.52,8103.07,0
9/9/2019 16:00:00,8130.91,8131.66,8052.35,8087.44,0
9/10/2019 16:00:00,8049.98,8086.53,8001.69,8084.16,0
9/11/2019 16:00:00,8091.68,8169.68,8081.56,8169.68,0
9/12/2019 16:00:00,8206.58,8243.8,8176.73,8194.47,0
9/13/2019 16:00:00,8190.57,8210.2,8165.47,8176.71,0
9/16/2019 16:00:00,8121.64,8165.33,8121.25,8153.54,0
9/17/2019 16:00:00,8148.65,8188.23,8139.82,8186.02,0
9/18/2019 16:00:00,8174.62,8179.87,8086.22,8177.39,0
9/19/2019 16:00:00,8193.59,8237.43,8174.32,8182.88,0
9/20/2019 16:00:00,8184.88,8202.82,8086.16,8117.67,0
9/23/2019 16:00:00,8106.49,8135.81,8085.34,8112.46,0
9/24/2019 16:00:00,8147.24,8158.84,7969.66,7993.63,0
9/25/2019 16:00:00,7990.66,8095,7935.57,8077.38,0
9/26/2019 16:00:00,8070.12,8072.11,7991.02,8030.66,0
9/27/2019 16:00:00,8047.11,8051.83,7890.28,7939.63,0
9/30/2019 16:00:00,7964.09,8012.17,7949.63,7999.33,0
10/1/2019 16:00:00,8026.83,8062.5,7906.29,7908.67,0
10/2/2019 16:00:00,7851.13,7852.7,7744.96,7785.23,0
10/3/2019 16:00:00,7787.02,7872.25,7700,7872.25,0
10/4/2019 16:00:00,7908.44,7986.62,7899.39,7982.46,0
10/7/2019 16:00:00,7956.41,8013.32,7942.08,7956.28,0
10/8/2019 16:00:00,7898.27,7921.88,7823.73,7823.76,0
10/9/2019 16:00:00,7895.96,7930.92,7873.52,7903.73,0
10/10/2019 16:00:00,7904.56,7982.85,7899.81,7950.77,0
10/11/2019 16:00:00,8047.34,8115.8,8046.8,8057.04,0
10/14/2019 16:00:00,8044.35,8069.85,8036.41,8048.65,0
10/15/2019 16:00:00,8074.85,8166.18,8071.81,8148.71,0
10/16/2019 16:00:00,8119.81,8146.15,8103.38,8124.18,0
10/17/2019 16:00:00,8176.91,8183.64,8131.25,8156.85,0
10/18/2019 16:00:00,8149.85,8157.36,8045.38,8089.54,0
10/21/2019 16:00:00,8137.42,8164.14,8117.26,8162.99,0
10/22/2019 16:00:00,8188.12,8194.62,8101.98,8104.3,0
10/23/2019 16:00:00,8090.24,8122.89,8078.35,8119.79,0
10/24/2019 16:00:00,8180.04,8187.84,8137.66,8185.8,0
10/25/2019 16:00:00,8150.59,8249.97,8150.59,8243.12,0
10/28/2019 16:00:00,8285.77,8335.56,8285.27,8325.99,0
10/29/2019 16:00:00,8313.35,8319.29,8275.14,8276.85,0
10/30/2019 16:00:00,8284.28,8315.5,8241.7,8303.98,0
10/31/2019 16:00:00,8314.38,8321.8,8248.81,8292.36,0
11/1/2019 16:00:00,8335.05,8386.75,8326.56,8386.4,0
11/4/2019 16:00:00,8445.5,8451.37,8421.3,8433.2,0
11/5/2019 16:00:00,8446.62,8457.39,8421.05,8434.68,0
11/6/2019 16:00:00,8426.57,8426.57,8379.33,8410.63,0
11/7/2019 16:00:00,8455.11,8483.16,8415.87,8434.52,0
11/8/2019 16:00:00,8422.67,8475.57,8405.89,8475.31,0
11/11/2019 16:00:00,8431.26,8467.29,8425.49,8464.28,0
11/12/2019 16:00:00,8471.07,8514.84,8462.99,8486.09,0
11/13/2019 16:00:00,8455.02,8496.9,8451.34,8482.1,0
11/14/2019 16:00:00,8461.06,8485.36,8441.58,8479.02,0
11/15/2019 16:00:00,8524.48,8540.83,8506.8,8540.83,0
11/18/2019 16:00:00,8529.16,8559.78,8503.62,8549.94,0
11/19/2019 16:00:00,8578.02,8589.76,8536.73,8570.66,0
11/20/2019 16:00:00,8543.57,8578.27,8468.63,8526.73,0
11/21/2019 16:00:00,8527.87,8530.73,8487.29,8506.21,0
11/22/2019 16:00:00,8530.54,8535.46,8477.49,8519.89,0
11/25/2019 16:00:00,8559.65,8633.15,8559.65,8632.49,0
11/26/2019 16:00:00,8635.4,8659.73,8625.62,8647.93,0
11/27/2019 16:00:00,8669.59,8705.91,8662.58,8705.17,0
11/29/2019 13:00:00,8682.01,8697.33,8664.04,8665.47,0
12/2/2019 16:00:00,8672.84,8672.84,8540.16,8567.99,0
12/3/2019 16:00:00,8461.29,8523.98,8435.4,8520.64,0
12/4/2019 16:00:00,8557.45,8584.88,8552.38,8566.67,0
12/5/2019 16:00:00,8587.93,8588.89,8541.92,8570.7,0
12/6/2019 16:00:00,8634.25,8665.44,8630.58,8656.53,0
12/9/2019 16:00:00,8650.86,8678.85,8619.77,8621.83,0
12/10/2019 16:00:00,8623.56,8650.76,8600.82,8616.18,0
12/11/2019 16:00:00,8631.12,8658.48,8622.36,8654.05,0
12/12/2019 16:00:00,8645.36,8745.82,8633.6,8717.32,0
12/13/2019 16:00:00,8713.91,8768.87,8697.58,8734.88,0
12/16/2019 16:00:00,8791.31,8833.45,8789.77,8814.23,0
12/17/2019 16:00:00,8829.47,8831.99,8804.6,8823.36,0
12/18/2019 16:00:00,8834.65,8848.76,8820.42,8827.74,0
12/19/2019 16:00:00,8838.97,8888.13,8838.97,8887.22,0
12/20/2019 16:00:00,8911.84,8931.91,8901.87,8924.96,0
12/23/2019 16:00:00,8950.2,8956.64,8934.55,8945.65,0
12/24/2019 13:00:00,8955.01,8957.12,8934.36,8952.88,0
12/26/2019 16:00:00,8970.21,9022.46,8968.46,9022.39,0
12/27/2019 16:00:00,9049.47,9052,8987.32,9006.62,0
12/30/2019 16:00:00,9004.45,9006.36,8909.19,8945.99,0
12/31/2019 16:00:00,8918.74,8975.36,8912.77,8972.6,0
1/2/2020 16:00:00,9039.46,9093.43,9010.89,9092.19,0
1/3/2020 16:00:00,8976.43,9065.76,8976.43,9020.77,0
1/6/2020 16:00:00,8943.5,9072.41,8943.5,9071.47,0
1/7/2020 16:00:00,9076.65,9091.93,9042.55,9068.58,0
1/8/2020 16:00:00,9068.03,9168.89,9059.38,9129.24,0
1/9/2020 16:00:00,9202.27,9215.95,9158.5,9203.43,0
1/10/2020 16:00:00,9232.95,9235.2,9164.66,9178.86,0
1/13/2020 16:00:00,9213.72,9274.49,9193.06,9273.93,0
1/14/2020 16:00:00,9270.61,9298.33,9226.49,9251.33,0
1/15/2020 16:00:00,9253.76,9298.82,9231.14,9258.7,0
1/16/2020 16:00:00,9313.45,9357.92,9301.32,9357.13,0
1/17/2020 16:00:00,9392.37,9393.48,9346.81,9388.94,0
1/21/2020 16:00:00,9361.07,9397.58,9350.2,9370.81,0
1/22/2020 16:00:00,9413.61,9439.29,9375.13,9383.77,0
1/23/2020 16:00:00,9377.72,9409.2,9334.13,9402.48,0
1/24/2020 16:00:00,9446.21,9451.43,9273.23,9314.91,0
1/27/2020 16:00:00,9092.46,9185.45,9088.04,9139.31,0
1/28/2020 16:00:00,9201.82,9288.87,9182.33,9269.68,0
1/29/2020 16:00:00,9318.26,9329.12,9249.04,9275.16,0
1/30/2020 16:00:00,9211.67,9303,9185.18,9298.93,0
1/31/2020 16:00:00,9324.33,9324.8,9123.22,9150.94,0
2/3/2020 16:00:00,9190.72,9299.85,9188.55,9273.4,0
2/4/2020 16:00:00,9398.39,9485.38,9374.05,9467.97,0
2/5/2020 16:00:00,9574.1,9574.94,9454.93,9508.68,0
2/6/2020 16:00:00,9540.98,9575.66,9505.68,9572.15,0
2/7/2020 16:00:00,9526.64,9570.09,9496.53,9520.51,0
2/10/2020 16:00:00,9493.63,9628.66,9493.63,9628.39,0
2/11/2020 16:00:00,9680.89,9714.74,9617.21,9638.94,0
2/12/2020 16:00:00,9688.6,9728.77,9666.69,9725.96,0
2/13/2020 16:00:00,9657.04,9748.32,9650.02,9711.97,0
2/14/2020 16:00:00,9728.9,9746.36,9693.05,9731.18,0
2/18/2020 16:00:00,9679.04,9747.68,9675.8,9732.74,0
2/19/2020 16:00:00,9782.81,9838.37,9777.1,9817.18,0
2/20/2020 16:00:00,9799.2,9820.86,9636.94,9750.97,0
2/21/2020 16:00:00,9708.01,9715.95,9542.33,9576.59,0
2/24/2020 16:00:00,9188.44,9322.88,9166.01,9221.28,0
2/25/2020 16:00:00,9301.2,9315.26,8940.49,8965.61,0
2/26/2020 16:00:00,9011.55,9148.32,8927.8,8980.78,0
2/27/2020 16:00:00,8744.03,8904.11,8562.05,8566.48,0
2/28/2020 16:00:00,8269.74,8591.82,8264.16,8567.37,0
3/2/2020 16:00:00,8667.14,8952.81,8543.35,8952.17,0
3/3/2020 16:00:00,8965.1,9070.32,8602.89,8684.09,0
3/4/2020 16:00:00,8834.1,9019.96,8757.66,9018.09,0
3/5/2020 16:00:00,8790.09,8921.08,8677.39,8738.59,0
3/6/2020 16:00:00,8469.02,8612.36,8375.13,8575.62,0
3/9/2020 16:00:00,7957.93,8243.31,7943.16,7950.68,0
3/10/2020 16:00:00,8219.76,8347.4,7930.43,8344.25,0
3/11/2020 16:00:00,8136.25,8181.36,7850.95,7952.05,0
3/12/2020 16:00:00,7398.58,7712.33,7194.67,7201.8,0
3/13/2020 16:00:00,7610.39,7875.93,7219.09,7874.88,0
3/16/2020 16:00:00,7392.73,7422.2,6882.86,6904.59,0
3/17/2020 16:00:00,7072,7406.23,6828.91,7334.78,0
3/18/2020 16:00:00,6902.32,7182.83,6686.36,6989.84,0
3/19/2020 16:00:00,6996.45,7341.38,6858.38,7150.58,0
3/20/2020 16:00:00,7248.07,7354.44,6854.67,6879.52,0
3/23/2020 16:00:00,6847.28,6984.94,6631.42,6860.67,0
3/24/2020 16:00:00,7196.15,7418.37,7169.86,7417.86,0
3/25/2020 16:00:00,7421.36,7671.21,7276.4,7384.3,0
3/26/2020 16:00:00,7462.21,7809.83,7462.21,7797.54,0
3/27/2020 16:00:00,7554.25,7716.24,7491.14,7502.38,0
3/30/2020 16:00:00,7583.46,7784.35,7539.97,7774.15,0
3/31/2020 16:00:00,7740.06,7880.31,7642.86,7700.1,0
4/1/2020 16:00:00,7459.5,7566.37,7301.98,7360.58,0
4/2/2020 16:00:00,7317.45,7501.7,7307.95,7487.31,0
4/3/2020 16:00:00,7477.27,7518.72,7288.11,7373.08,0
4/6/2020 16:00:00,7660.17,7938.33,7617.79,7913.24,0
4/7/2020 16:00:00,8129.99,8146.43,7881.22,7887.26,0
4/8/2020 16:00:00,7975.72,8114.43,7901.94,8090.9,0
4/9/2020 16:00:00,8169.01,8227.91,8072.32,8153.58,0
4/13/2020 16:00:00,8127.69,8200.44,8035.95,8192.42,0
4/14/2020 16:00:00,8353.21,8531.11,8338.08,8515.74,0
4/15/2020 16:00:00,8355.96,8464.66,8308.79,8393.18,0
4/16/2020 16:00:00,8479.11,8560.16,8393.27,8532.36,0
4/17/2020 16:00:00,8667.48,8670.3,8531.69,8650.14,0
4/20/2020 16:00:00,8553.38,8684.91,8553.38,8560.73,0
4/21/2020 16:00:00,8460.69,8480.29,8215.69,8263.23,0
4/22/2020 16:00:00,8434.55,8537.31,8404.54,8495.38,0
4/23/2020 16:00:00,8528.84,8635.23,8475.2,8494.75,0
4/24/2020 16:00:00,8530.08,8642.93,8464.42,8634.52,0
4/27/2020 16:00:00,8717.98,8754.57,8697.37,8730.16,0
4/28/2020 16:00:00,8825.69,8830.57,8600.7,8607.73,0
4/29/2020 16:00:00,8802.7,8957.27,8765.01,8914.71,0
4/30/2020 16:00:00,8911.02,8926.11,8825.83,8889.55,0
5/1/2020 16:00:00,8681.29,8754.46,8566.84,8604.95,0
5/4/2020 16:00:00,8555.32,8715.82,8537.83,8710.72,0
5/5/2020 16:00:00,8809.66,8909.96,8781.31,8809.12,0
5/6/2020 16:00:00,8874.7,8933.25,8819.37,8854.39,0
5/7/2020 16:00:00,8973.78,9015.99,8932.86,8979.66,0
5/8/2020 16:00:00,9056.89,9125.98,9018.21,9121.32,0
5/11/2020 16:00:00,9054.91,9241.92,9053.17,9192.34,0
5/12/2020 16:00:00,9225.15,9250.96,9000.07,9002.55,0
5/13/2020 16:00:00,9006.05,9074.16,8752.68,8863.17,0
5/14/2020 16:00:00,8788.04,8945.71,8705.25,8943.72,0
5/15/2020 16:00:00,8839.99,9018.4,8821.38,9014.56,0
5/18/2020 16:00:00,9177.15,9267.22,9154.35,9234.83,0
5/19/2020 16:00:00,9227.46,9317.25,9183.25,9185.1,0
5/20/2020 16:00:00,9305.62,9392.82,9304.2,9375.78,0
5/21/2020 16:00:00,9375.19,9405.25,9254.85,9284.88,0
5/22/2020 16:00:00,9278.55,9328.28,9239.41,9324.59,0
5/26/2020 16:00:00,9501.21,9501.21,9333.16,9340.22,0
5/27/2020 16:00:00,9346.12,9414.62,9144.28,9412.36,0
5/28/2020 16:00:00,9392.99,9523.64,9345.28,9368.99,0
5/29/2020 16:00:00,9382.35,9505.55,9324.73,9489.87,0
6/1/2020 16:00:00,9471.42,9571.28,9462.32,9552.05,0
6/2/2020 16:00:00,9566.53,9611.22,9472.08,9608.38,0
6/3/2020 16:00:00,9651.86,9707.78,9627.17,9682.91,0
6/4/2020 16:00:00,9649.65,9716.14,9560.41,9615.81,0
6/5/2020 16:00:00,9703.54,9845.69,9685.35,9814.08,0
6/8/2020 16:00:00,9823.44,9927.13,9780.61,9924.75,0
6/9/2020 16:00:00,9867.19,10002.5,9863.27,9953.75,0
6/10/2020 16:00:00,10012.32,10086.89,9962.58,10020.35,0
6/11/2020 16:00:00,9791.24,9868.08,9491.31,9492.73,0
6/12/2020 16:00:00,9715.87,9768.64,9413.62,9588.81,0
6/15/2020 16:00:00,9426.9,9756.07,9403,9726.02,0
6/16/2020 16:00:00,9949.78,9963.63,9748.38,9895.87,0
6/17/2020 16:00:00,9943.31,9991.21,9891.81,9910.53,0
6/18/2020 16:00:00,9892.48,9959.2,9885.66,9943.05,0
6/19/2020 16:00:00,10042.13,10053.91,9872.94,9946.12,0
6/22/2020 16:00:00,9945.49,10059.61,9916.6,10056.48,0
6/23/2020 16:00:00,10130.83,10221.85,10112.44,10131.37,0
6/24/2020 16:00:00,10092.92,10137.5,9842.22,9909.17,0
6/25/2020 16:00:00,9899.36,10023.28,9810.47,10017,0
6/26/2020 16:00:00,9995.12,10000.67,9749.07,9757.22,0
6/29/2020 16:00:00,9771.72,9877.34,9663.61,9874.15,0
6/30/2020 16:00:00,9875.29,10085.59,9863.67,10058.77,0
7/1/2020 16:00:00,10063.67,10197.19,10048.04,10154.63,0
7/2/2020 16:00:00,10268.67,10310.36,10194.06,10207.63,0
7/6/2020 16:00:00,10360.38,10462.05,10354.98,10433.65,0
7/7/2020 16:00:00,10412.46,10518.98,10337.98,10343.89,0
7/8/2020 16:00:00,10409.35,10494.64,10350.96,10492.5,0
7/9/2020 16:00:00,10563.72,10578.1,10379.91,10547.75,0
7/10/2020 16:00:00,10545.91,10622.35,10447.01,10617.44,0
7/13/2020 16:00:00,10729.92,10824.79,10368.04,10390.84,0
7/14/2020 16:00:00,10310.25,10497.83,10182.46,10488.58,0
7/15/2020 16:00:00,10576.72,10604.67,10420.54,10550.49,0
7/16/2020 16:00:00,10443.87,10499.79,10364.39,10473.83,0
7/17/2020 16:00:00,10500.52,10532.62,10421.21,10503.19,0
7/20/2020 16:00:00,10526.02,10783.8,10488.04,10767.09,0
7/21/2020 16:00:00,10837.88,10839.93,10650.46,10680.36,0
7/22/2020 16:00:00,10687.58,10745.32,10627.45,10706.13,0
7/23/2020 16:00:00,10689.5,10728.12,10407.87,10461.42,0
7/24/2020 16:00:00,10294.41,10418.75,10217.31,10363.18,0
7/27/2020 16:00:00,10421.7,10546.44,10399.86,10536.27,0
7/28/2020 16:00:00,10509.2,10523.64,10397.87,10402.09,0
7/29/2020 16:00:00,10474.7,10567.91,10464,10542.94,0
7/30/2020 16:00:00,10450.12,10609.59,10412.09,10587.81,0
7/31/2020 16:00:00,10741.47,10747.8,10557.7,10745.28,0
8/3/2020 16:00:00,10848.64,10927.56,10831.15,10902.8,0
8/4/2020 16:00:00,10897.89,10941.91,10852.9,10941.17,0
8/5/2020 16:00:00,10967.87,11002.11,10943.72,10998.4,0
8/6/2020 16:00:00,10989.98,11121.19,10963.41,11108.07,0
8/7/2020 16:00:00,11072.53,11126.04,10920.37,11010.98,0
8/10/2020 16:00:00,11033.73,11040.24,10849.46,10968.36,0
8/11/2020 16:00:00,10942.66,10989.42,10762.71,10782.82,0
8/12/2020 16:00:00,10878.12,11036.72,10877.16,11012.24,0
8/13/2020 16:00:00,11026.86,11124.85,11007.5,11042.5,0
8/14/2020 16:00:00,11042.24,11058.44,10972.06,11019.3,0
8/17/2020 16:00:00,11083.25,11144.53,11080.3,11129.73,0
8/18/2020 16:00:00,11170.75,11230.62,11103.83,11210.84,0
8/19/2020 16:00:00,11214.8,11257.42,11132.1,11146.46,0
8/20/2020 16:00:00,11096.4,11283.62,11090.03,11264.95,0
8/21/2020 16:00:00,11258.45,11326.22,11245.44,11311.8,0
8/24/2020 16:00:00,11449.25,11462.05,11297.53,11379.72,0
8/25/2020 16:00:00,11370.23,11468.26,11343.04,11466.47,0
8/26/2020 16:00:00,11516.62,11672.05,11507.46,11665.06,0
8/27/2020 16:00:00,11688.2,11730.01,11551.01,11625.34,0
8/28/2020 16:00:00,11689.28,11708.77,11634.77,11695.63,0
8/31/2020 16:00:00,11718.81,11829.84,11697.42,11775.46,0
9/1/2020 16:00:00,11850.96,11945.72,11794.78,11939.67,0
9/2/2020 16:00:00,12047.26,12074.07,11836.18,12056.44,0
9/3/2020 16:00:00,11861.9,11894.4,11361.36,11458.1,0
9/4/2020 16:00:00,11396.24,11531.19,10875.87,11313.13,0
9/8/2020 16:00:00,10900.7,11131.5,10837.2,10847.69,0
9/9/2020 16:00:00,11064.77,11217.69,10970.45,11141.56,0
9/10/2020 16:00:00,11235.53,11299.53,10875.02,10919.59,0
9/11/2020 16:00:00,11010.07,11033.05,10728.03,10853.55,0
9/14/2020 16:00:00,11010.14,11118.29,10982.26,11056.65,0
9/15/2020 16:00:00,11193.96,11244.46,11127.98,11190.32,0
9/16/2020 16:00:00,11222.08,11245.42,11046.43,11050.47,0
9/17/2020 16:00:00,10796.05,10974.45,10783.81,10910.28,0
9/18/2020 16:00:00,10973.45,10977.68,10639.95,10793.28,0
9/21/2020 16:00:00,10610.14,10782.74,10519.49,10778.8,0
9/22/2020 16:00:00,10873.3,10979.65,10737.52,10963.64,0
9/23/2020 16:00:00,10950.83,10962.03,10612.92,10632.99,0
9/24/2020 16:00:00,10551.02,10799.55,10520.22,10672.27,0
9/25/2020 16:00:00,10680.46,10939.55,10639.98,10913.56,0
9/28/2020 16:00:00,11084.38,11120.8,11019.14,11117.53,0
9/29/2020 16:00:00,11109,11153.23,11065.63,11085.25,0
9/30/2020 16:00:00,11092.9,11277.96,11092.9,11167.51,0
10/1/2020 16:00:00,11291.99,11344.13,11240.53,11326.51,0
10/2/2020 16:00:00,11082.53,11244.87,11033.69,11075.02,0
10/5/2020 16:00:00,11169.11,11335.21,11162.52,11332.49,0
10/6/2020 16:00:00,11314.53,11392.41,11124.45,11154.6,0
10/7/2020 16:00:00,11271.68,11380.56,11258.35,11364.6,0
10/8/2020 16:00:00,11443.35,11448.23,11384.33,11420.98,0
10/9/2020 16:00:00,11487.6,11581.23,11476.66,11579.94,0
10/12/2020 16:00:00,11732.33,11965.54,11704.13,11876.26,0
10/13/2020 16:00:00,11901.76,11946.98,11821.83,11863.9,0
10/14/2020 16:00:00,11889.07,11939.92,11714.35,11768.73,0
10/15/2020 16:00:00,11559.88,11740.68,11559.1,11713.87,0
10/16/2020 16:00:00,11761.83,11827.42,11648.53,11671.56,0
10/19/2020 16:00:00,11732.34,11778.11,11454.57,11478.88,0
10/20/2020 16:00:00,11531.83,11632.89,11471.24,11516.49,0
10/21/2020 16:00:00,11530.39,11613.79,11476.08,11484.69,0
10/22/2020 16:00:00,11526.98,11548.77,11369.29,11506.01,0
10/23/2020 16:00:00,11536.01,11548.85,11434.86,11548.28,0
10/26/2020 16:00:00,11440.64,11545.63,11221.06,11358.94,0
10/27/2020 16:00:00,11409.34,11465.06,11361.86,11431.35,0
10/28/2020 16:00:00,11230.9,11249.95,10999.07,11004.87,0
10/29/2020 16:00:00,11064.47,11287.63,11030.19,11185.59,0
10/30/2020 16:00:00,11103.47,11129.81,10822.57,10911.59,0
11/2/2020 16:00:00,11010.45,11071.08,10830.95,10957.61,0
11/3/2020 16:00:00,11038.66,11213.92,11004.84,11160.57,0
11/4/2020 16:00:00,11443.78,11663.31,11394.21,11590.78,0
11/5/2020 16:00:00,11816.33,11924.28,11784.15,11890.93,0
11/6/2020 16:00:00,11869.9,11920.54,11737.13,11895.23,0
11/9/2020 16:00:00,12046.66,12108.07,11703.49,11713.78,0
11/10/2020 16:00:00,11622.44,11665.87,11424.61,11553.86,0
11/11/2020 16:00:00,11656.65,11793.58,11638.9,11786.43,0
11/12/2020 16:00:00,11802.5,11847.84,11666.37,11709.59,0